,__id_left,__id_right,match_score,match_rank,ADDRESS,Name
0,0_left,52_right,0.2685636775867659,1,6 SANDRINGHAM ROAD,6 SANDRINGHAM ROAD
1,1_left,61_right,0.35158365780601897,1,REDBRIDGE SCHOOL AMS (FENCE),REDBRIDGE SCHOOL FENCE
2,2_left,13_right,0.2660102897164279,1,64 BURGESS ROAD,64 BURGESS ROAD 1
3,3_left,26_right,0.2320000104864974,1,485 MILLBROOK ROAD,485 MILLBROOK ROAD
4,4_left,43_right,0.6195178239207724,1,REGENTS PARK JUNCTION,REGENTS PARK JUNCTION
5,5_left,45_right,0.19631976642849341,1,2 ROMSEY ROAD,2 ROMSEY ROAD
6,6_left,19_right,0.2792275222475778,1,CRANBURY PLACE,CRANBURY PLACE
7,7_left,4_right,0.44325440869879895,1,72 BEVOIS VALLEY,72 BEVOIS VALLEY ROAD
8,8_left,8_right,0.22672126074998908,1,BRINTONS ROAD 1,BRINTONS ROAD 1
9,9_left,9_right,0.2208515521147997,1,BRINTONS ROAD 2,BRINTONS ROAD 2
10,10_left,10_right,0.23675559393878845,1,BRINTONS ROAD 3,BRINTONS ROAD 3
11,11_left,7_right,0.23846067802036783,1,206 BITTERNE ROAD,206 BITTERNE ROAD
12,12_left,5_right,0.24759927299582382,1,BITTERNE LIBRARY,"BITTERNE LIBRARY, BITTERNE ROAD"
13,13_left,41_right,0.2320000104864974,1,54 REDBRIDGE ROAD,54 REDBRIDGE ROAD
14,14_left,42_right,0.2320000104864974,1,57 REDBRIDGE ROAD,57 REDBRIDGE ROAD
15,15_left,34_right,-0.00751526584988774,1,VICTORIA ROAD/PORTSMOUTH ROAD JCN,"PORTSMOUTH ROAD, DENTIST"
16,15_left,35_right,-0.00751526584988774,2,VICTORIA ROAD/PORTSMOUTH ROAD JCN,24 PORTSMOUTH ROAD
17,15_left,36_right,-0.00751526584988774,3,VICTORIA ROAD/PORTSMOUTH ROAD JCN,35 PORTSMOUTH ROAD
18,15_left,18_right,-0.254934704449488,4,VICTORIA ROAD/PORTSMOUTH ROAD JCN,CONISTON ROAD
19,15_left,45_right,-0.2798619901786159,5,VICTORIA ROAD/PORTSMOUTH ROAD JCN,2 ROMSEY ROAD
20,15_left,9_right,-0.29212788302176906,6,VICTORIA ROAD/PORTSMOUTH ROAD JCN,BRINTONS ROAD 2
21,15_left,48_right,-0.29576603200260465,7,VICTORIA ROAD/PORTSMOUTH ROAD JCN,102 ROMSEY ROAD
22,15_left,8_right,-0.29799759165695844,8,VICTORIA ROAD/PORTSMOUTH ROAD JCN,BRINTONS ROAD 1
23,15_left,46_right,-0.305800365191404,9,VICTORIA ROAD/PORTSMOUTH ROAD JCN,13 ROMSEY ROAD
24,15_left,47_right,-0.305800365191404,10,VICTORIA ROAD/PORTSMOUTH ROAD JCN,23 ROMSEY ROAD
25,15_left,49_right,-0.305800365191404,11,VICTORIA ROAD/PORTSMOUTH ROAD JCN,134 ROMSEY ROAD
26,15_left,51_right,-0.305800365191404,12,VICTORIA ROAD/PORTSMOUTH ROAD JCN,150 ROMSEY ROAD
27,15_left,10_right,-0.3080319248457578,13,VICTORIA ROAD/PORTSMOUTH ROAD JCN,BRINTONS ROAD 3
28,15_left,20_right,-0.3080319248457578,14,VICTORIA ROAD/PORTSMOUTH ROAD JCN,2 DORSET ROAD
29,15_left,21_right,-0.3080319248457578,15,VICTORIA ROAD/PORTSMOUTH ROAD JCN,2 GOVER ROAD
30,15_left,24_right,-0.310671299714012,16,VICTORIA ROAD/PORTSMOUTH ROAD JCN,367 MILLBROOK ROAD
31,15_left,26_right,-0.310671299714012,17,VICTORIA ROAD/PORTSMOUTH ROAD JCN,485 MILLBROOK ROAD
32,15_left,27_right,-0.310671299714012,18,VICTORIA ROAD/PORTSMOUTH ROAD JCN,539 MILLBROOK ROAD
33,15_left,41_right,-0.310671299714012,19,VICTORIA ROAD/PORTSMOUTH ROAD JCN,54 REDBRIDGE ROAD
34,15_left,42_right,-0.310671299714012,20,VICTORIA ROAD/PORTSMOUTH ROAD JCN,57 REDBRIDGE ROAD
35,15_left,5_right,-0.3139016334809472,21,VICTORIA ROAD/PORTSMOUTH ROAD JCN,"BITTERNE LIBRARY, BITTERNE ROAD"
36,15_left,6_right,-0.3139016334809472,22,VICTORIA ROAD/PORTSMOUTH ROAD JCN,166A BITTERNE ROAD
37,15_left,7_right,-0.3139016334809472,23,VICTORIA ROAD/PORTSMOUTH ROAD JCN,206 BITTERNE ROAD
38,15_left,38_right,-0.3180662580345572,24,VICTORIA ROAD/PORTSMOUTH ROAD JCN,263A PORTSWOOD ROAD
39,15_left,39_right,-0.3180662580345572,25,VICTORIA ROAD/PORTSMOUTH ROAD JCN,277 PORTSWOOD ROAD
40,15_left,12_right,-0.32393596666974656,26,VICTORIA ROAD/PORTSMOUTH ROAD JCN,44B BURGESS ROAD
41,15_left,17_right,-0.32393596666974656,27,VICTORIA ROAD/PORTSMOUTH ROAD JCN,5 COMMERCIAL ROAD
42,15_left,28_right,-0.32393596666974656,28,VICTORIA ROAD/PORTSMOUTH ROAD JCN,4 NEW ROAD
43,15_left,29_right,-0.32393596666974656,29,VICTORIA ROAD/PORTSMOUTH ROAD JCN,14 NEW ROAD
44,15_left,31_right,-0.32393596666974656,30,VICTORIA ROAD/PORTSMOUTH ROAD JCN,208 NORTHAM ROAD
45,15_left,32_right,-0.32393596666974656,31,VICTORIA ROAD/PORTSMOUTH ROAD JCN,222 NORTHAM ROAD
46,15_left,52_right,-0.32393596666974656,32,VICTORIA ROAD/PORTSMOUTH ROAD JCN,6 SANDRINGHAM ROAD
47,15_left,0_right,-0.3339702998585459,33,VICTORIA ROAD/PORTSMOUTH ROAD JCN,351 WINCHESTER ROAD
48,15_left,30_right,-0.3339702998585459,34,VICTORIA ROAD/PORTSMOUTH ROAD JCN,132 NEWTON ROAD
49,15_left,33_right,-0.3339702998585459,35,VICTORIA ROAD/PORTSMOUTH ROAD JCN,151 PAYNES ROAD
50,15_left,50_right,-0.36476729422286314,36,VICTORIA ROAD/PORTSMOUTH ROAD JCN,142 ROMSEY ROAD 1
51,15_left,23_right,-0.36963822874547103,37,VICTORIA ROAD/PORTSMOUTH ROAD JCN,305 MILLBROOK ROAD (HOUSE)
52,15_left,13_right,-0.3829028957012056,38,VICTORIA ROAD/PORTSMOUTH ROAD JCN,64 BURGESS ROAD 1
53,15_left,56_right,-0.3829028957012056,39,VICTORIA ROAD/PORTSMOUTH ROAD JCN,102 ST ANDREWS ROAD
54,15_left,15_right,-0.3870675202548156,40,VICTORIA ROAD/PORTSMOUTH ROAD JCN,6-9 CANUTE ROAD
55,15_left,57_right,-0.392937228890005,41,VICTORIA ROAD/PORTSMOUTH ROAD JCN,107 ST. ANDREWS ROAD
56,15_left,62_right,-0.4029715620788044,42,VICTORIA ROAD/PORTSMOUTH ROAD JCN,"MAYFLOWER HALLS, COMMERCIAL ROAD"
57,15_left,4_right,-0.4130058952676038,43,VICTORIA ROAD/PORTSMOUTH ROAD JCN,72 BEVOIS VALLEY ROAD
58,15_left,14_right,-0.45606878247507415,44,VICTORIA ROAD/PORTSMOUTH ROAD JCN,CANUTE ROAD (SOUTH WESTERN HOUSE)
59,15_left,25_right,-0.4687424905321277,45,VICTORIA ROAD/PORTSMOUTH ROAD JCN,433-435 MILLBROOK ROAD (LADBROKES)
60,15_left,37_right,-0.5551730442617308,46,VICTORIA ROAD/PORTSMOUTH ROAD JCN,168-174 PORTSWOOD ROAD (INTERNATIONAL STORES)
61,15_left,16_right,-0.5781672650916024,47,VICTORIA ROAD/PORTSMOUTH ROAD JCN,100 CANUTE ROAD (UNION CASTLE HOUSE 2)
62,16_left,44_right,0.08298142764592159,1,3 ROCKSTONE LANE,3 ROCKSTONE PLACE
63,17_left,15_right,0.31579118934784633,1,6-9 CANUTE ROAD,6-9 CANUTE ROAD
64,18_left,33_right,0.2785980107755653,1,151 PAYNES ROAD,151 PAYNES ROAD
65,19_left,56_right,0.3780744391441567,1,102 ST ANDREWS ROAD,102 ST ANDREWS ROAD
66,20_left,23_right,0.1730330814550383,1,305 MILLBROOK ROAD,305 MILLBROOK ROAD (HOUSE)
67,21_left,40_right,0.3110356058955553,1,PRINCES COURT,PRINCES COURT
68,22_left,57_right,0.3881087723329561,1,107 ST ANDREWS ROAD,107 ST. ANDREWS ROAD
69,23_left,66_right,-0.04206120915352315,1,SW HOUSE,CUMBERLAND HOUSE
70,23_left,23_right,-0.12109680456258103,2,SW HOUSE,305 MILLBROOK ROAD (HOUSE)
71,23_left,14_right,-0.2075273582921841,3,SW HOUSE,CANUTE ROAD (SOUTH WESTERN HOUSE)
72,23_left,16_right,-0.3296258409087124,4,SW HOUSE,100 CANUTE ROAD (UNION CASTLE HOUSE 2)
73,24_left,24_right,-0.004477264268663761,1,367A MILLBROOK ROAD,367 MILLBROOK ROAD
74,24_left,26_right,-0.004477264268663761,2,367A MILLBROOK ROAD,485 MILLBROOK ROAD
75,24_left,27_right,-0.004477264268663761,3,367A MILLBROOK ROAD,539 MILLBROOK ROAD
76,24_left,23_right,-0.0634441933001229,4,367A MILLBROOK ROAD,305 MILLBROOK ROAD (HOUSE)
77,24_left,25_right,-0.1625484550867795,5,367A MILLBROOK ROAD,433-435 MILLBROOK ROAD (LADBROKES)
78,24_left,18_right,-0.1691336621918974,6,367A MILLBROOK ROAD,CONISTON ROAD
79,24_left,45_right,-0.19406094792102524,7,367A MILLBROOK ROAD,2 ROMSEY ROAD
80,24_left,9_right,-0.20632684076417843,8,367A MILLBROOK ROAD,BRINTONS ROAD 2
81,24_left,48_right,-0.209964989745014,9,367A MILLBROOK ROAD,102 ROMSEY ROAD
82,24_left,8_right,-0.21219654939936777,10,367A MILLBROOK ROAD,BRINTONS ROAD 1
83,24_left,46_right,-0.21999932293381338,11,367A MILLBROOK ROAD,13 ROMSEY ROAD
84,24_left,47_right,-0.21999932293381338,12,367A MILLBROOK ROAD,23 ROMSEY ROAD
85,24_left,49_right,-0.21999932293381338,13,367A MILLBROOK ROAD,134 ROMSEY ROAD
86,24_left,51_right,-0.21999932293381338,14,367A MILLBROOK ROAD,150 ROMSEY ROAD
87,24_left,10_right,-0.22223088258816714,15,367A MILLBROOK ROAD,BRINTONS ROAD 3
88,24_left,20_right,-0.22223088258816714,16,367A MILLBROOK ROAD,2 DORSET ROAD
89,24_left,21_right,-0.22223088258816714,17,367A MILLBROOK ROAD,2 GOVER ROAD
90,24_left,41_right,-0.2248702574564213,18,367A MILLBROOK ROAD,54 REDBRIDGE ROAD
91,24_left,42_right,-0.2248702574564213,19,367A MILLBROOK ROAD,57 REDBRIDGE ROAD
92,24_left,5_right,-0.22810059122335652,20,367A MILLBROOK ROAD,"BITTERNE LIBRARY, BITTERNE ROAD"
93,24_left,6_right,-0.22810059122335652,21,367A MILLBROOK ROAD,166A BITTERNE ROAD
94,24_left,7_right,-0.22810059122335652,22,367A MILLBROOK ROAD,206 BITTERNE ROAD
95,24_left,34_right,-0.23226521577696652,23,367A MILLBROOK ROAD,"PORTSMOUTH ROAD, DENTIST"
96,24_left,35_right,-0.23226521577696652,24,367A MILLBROOK ROAD,24 PORTSMOUTH ROAD
97,24_left,36_right,-0.23226521577696652,25,367A MILLBROOK ROAD,35 PORTSMOUTH ROAD
98,24_left,38_right,-0.23226521577696652,26,367A MILLBROOK ROAD,263A PORTSWOOD ROAD
99,24_left,39_right,-0.23226521577696652,27,367A MILLBROOK ROAD,277 PORTSWOOD ROAD
100,24_left,12_right,-0.2381349244121559,28,367A MILLBROOK ROAD,44B BURGESS ROAD
101,24_left,17_right,-0.2381349244121559,29,367A MILLBROOK ROAD,5 COMMERCIAL ROAD
102,24_left,28_right,-0.2381349244121559,30,367A MILLBROOK ROAD,4 NEW ROAD
103,24_left,29_right,-0.2381349244121559,31,367A MILLBROOK ROAD,14 NEW ROAD
104,24_left,31_right,-0.2381349244121559,32,367A MILLBROOK ROAD,208 NORTHAM ROAD
105,24_left,32_right,-0.2381349244121559,33,367A MILLBROOK ROAD,222 NORTHAM ROAD
106,24_left,52_right,-0.2381349244121559,34,367A MILLBROOK ROAD,6 SANDRINGHAM ROAD
107,24_left,0_right,-0.24816925760095526,35,367A MILLBROOK ROAD,351 WINCHESTER ROAD
108,24_left,30_right,-0.24816925760095526,36,367A MILLBROOK ROAD,132 NEWTON ROAD
109,24_left,33_right,-0.24816925760095526,37,367A MILLBROOK ROAD,151 PAYNES ROAD
110,24_left,50_right,-0.27896625196527247,38,367A MILLBROOK ROAD,142 ROMSEY ROAD 1
111,24_left,13_right,-0.297101853443615,39,367A MILLBROOK ROAD,64 BURGESS ROAD 1
112,24_left,56_right,-0.297101853443615,40,367A MILLBROOK ROAD,102 ST ANDREWS ROAD
113,24_left,15_right,-0.301266477997225,41,367A MILLBROOK ROAD,6-9 CANUTE ROAD
114,24_left,57_right,-0.3071361866324144,42,367A MILLBROOK ROAD,107 ST. ANDREWS ROAD
115,24_left,62_right,-0.31717051982121375,43,367A MILLBROOK ROAD,"MAYFLOWER HALLS, COMMERCIAL ROAD"
116,24_left,4_right,-0.3272048530100131,44,367A MILLBROOK ROAD,72 BEVOIS VALLEY ROAD
117,24_left,14_right,-0.37026774021748354,45,367A MILLBROOK ROAD,CANUTE ROAD (SOUTH WESTERN HOUSE)
118,24_left,37_right,-0.46937200200414014,46,367A MILLBROOK ROAD,168-174 PORTSWOOD ROAD (INTERNATIONAL STORES)
119,24_left,16_right,-0.4923662228340118,47,367A MILLBROOK ROAD,100 CANUTE ROAD (UNION CASTLE HOUSE 2)
120,25_left,50_right,0.1632912124098224,1,142 ROMSEY ROAD,142 ROMSEY ROAD 1
121,26_left,27_right,0.2320000104864974,1,539 MILLBROOK ROAD,539 MILLBROOK ROAD
122,27_left,25_right,0.15041102720710142,1,LADBROKES MILLBROOK ROAD,433-435 MILLBROOK ROAD (LADBROKES)
123,28_left,12_right,0.0884999439927258,1,66 BURGESS ROAD,44B BURGESS ROAD
124,28_left,13_right,0.02953301496126667,2,66 BURGESS ROAD,64 BURGESS ROAD 1
125,29_left,58_right,0.28773660575102133,1,TOWN QUAY ROAD,TOWN QUAY
126,29_left,18_right,-0.19306217380844382,2,TOWN QUAY ROAD,CONISTON ROAD
127,29_left,45_right,-0.21798945953757168,3,TOWN QUAY ROAD,2 ROMSEY ROAD
128,29_left,9_right,-0.2302553523807248,4,TOWN QUAY ROAD,BRINTONS ROAD 2
129,29_left,48_right,-0.23389350136156042,5,TOWN QUAY ROAD,102 ROMSEY ROAD
130,29_left,8_right,-0.23612506101591418,6,TOWN QUAY ROAD,BRINTONS ROAD 1
131,29_left,46_right,-0.2439278345503598,7,TOWN QUAY ROAD,13 ROMSEY ROAD
132,29_left,47_right,-0.2439278345503598,8,TOWN QUAY ROAD,23 ROMSEY ROAD
133,29_left,49_right,-0.2439278345503598,9,TOWN QUAY ROAD,134 ROMSEY ROAD
134,29_left,51_right,-0.2439278345503598,10,TOWN QUAY ROAD,150 ROMSEY ROAD
135,29_left,10_right,-0.24615939420471358,11,TOWN QUAY ROAD,BRINTONS ROAD 3
136,29_left,20_right,-0.24615939420471358,12,TOWN QUAY ROAD,2 DORSET ROAD
137,29_left,21_right,-0.24615939420471358,13,TOWN QUAY ROAD,2 GOVER ROAD
138,29_left,24_right,-0.24879876907296775,14,TOWN QUAY ROAD,367 MILLBROOK ROAD
139,29_left,26_right,-0.24879876907296775,15,TOWN QUAY ROAD,485 MILLBROOK ROAD
140,29_left,27_right,-0.24879876907296775,16,TOWN QUAY ROAD,539 MILLBROOK ROAD
141,29_left,41_right,-0.24879876907296775,17,TOWN QUAY ROAD,54 REDBRIDGE ROAD
142,29_left,42_right,-0.24879876907296775,18,TOWN QUAY ROAD,57 REDBRIDGE ROAD
143,29_left,5_right,-0.25202910283990293,19,TOWN QUAY ROAD,"BITTERNE LIBRARY, BITTERNE ROAD"
144,29_left,6_right,-0.25202910283990293,20,TOWN QUAY ROAD,166A BITTERNE ROAD
145,29_left,7_right,-0.25202910283990293,21,TOWN QUAY ROAD,206 BITTERNE ROAD
146,29_left,34_right,-0.2561937273935129,22,TOWN QUAY ROAD,"PORTSMOUTH ROAD, DENTIST"
147,29_left,35_right,-0.2561937273935129,23,TOWN QUAY ROAD,24 PORTSMOUTH ROAD
148,29_left,36_right,-0.2561937273935129,24,TOWN QUAY ROAD,35 PORTSMOUTH ROAD
149,29_left,38_right,-0.2561937273935129,25,TOWN QUAY ROAD,263A PORTSWOOD ROAD
150,29_left,39_right,-0.2561937273935129,26,TOWN QUAY ROAD,277 PORTSWOOD ROAD
151,29_left,12_right,-0.2620634360287023,27,TOWN QUAY ROAD,44B BURGESS ROAD
152,29_left,17_right,-0.2620634360287023,28,TOWN QUAY ROAD,5 COMMERCIAL ROAD
153,29_left,28_right,-0.2620634360287023,29,TOWN QUAY ROAD,4 NEW ROAD
154,29_left,29_right,-0.2620634360287023,30,TOWN QUAY ROAD,14 NEW ROAD
155,29_left,31_right,-0.2620634360287023,31,TOWN QUAY ROAD,208 NORTHAM ROAD
156,29_left,32_right,-0.2620634360287023,32,TOWN QUAY ROAD,222 NORTHAM ROAD
157,29_left,52_right,-0.2620634360287023,33,TOWN QUAY ROAD,6 SANDRINGHAM ROAD
158,29_left,0_right,-0.2720977692175017,34,TOWN QUAY ROAD,351 WINCHESTER ROAD
159,29_left,30_right,-0.2720977692175017,35,TOWN QUAY ROAD,132 NEWTON ROAD
160,29_left,33_right,-0.2720977692175017,36,TOWN QUAY ROAD,151 PAYNES ROAD
161,29_left,50_right,-0.30289476358181894,37,TOWN QUAY ROAD,142 ROMSEY ROAD 1
162,29_left,23_right,-0.30776569810442683,38,TOWN QUAY ROAD,305 MILLBROOK ROAD (HOUSE)
163,29_left,13_right,-0.3210303650601614,39,TOWN QUAY ROAD,64 BURGESS ROAD 1
164,29_left,56_right,-0.3210303650601614,40,TOWN QUAY ROAD,102 ST ANDREWS ROAD
165,29_left,15_right,-0.3251949896137714,41,TOWN QUAY ROAD,6-9 CANUTE ROAD
166,29_left,57_right,-0.3310646982489608,42,TOWN QUAY ROAD,107 ST. ANDREWS ROAD
167,29_left,62_right,-0.34109903143776016,43,TOWN QUAY ROAD,"MAYFLOWER HALLS, COMMERCIAL ROAD"
168,29_left,4_right,-0.3511333646265596,44,TOWN QUAY ROAD,72 BEVOIS VALLEY ROAD
169,29_left,14_right,-0.39419625183402995,45,TOWN QUAY ROAD,CANUTE ROAD (SOUTH WESTERN HOUSE)
170,29_left,25_right,-0.4068699598910835,46,TOWN QUAY ROAD,433-435 MILLBROOK ROAD (LADBROKES)
171,29_left,37_right,-0.4933005136206866,47,TOWN QUAY ROAD,168-174 PORTSWOOD ROAD (INTERNATIONAL STORES)
172,29_left,16_right,-0.5162947344505582,48,TOWN QUAY ROAD,100 CANUTE ROAD (UNION CASTLE HOUSE 2)
173,30_left,48_right,0.21222380825248216,1,102 ROMSEY ROAD,102 ROMSEY ROAD
174,31_left,31_right,0.2585293443979666,1,208 NORTHAM ROAD,208 NORTHAM ROAD
175,32_left,32_right,0.2585293443979666,1,222 NORTHAM ROAD,222 NORTHAM ROAD
176,33_left,12_right,0.40145942628660675,1,44B BURGESS ROAD,44B BURGESS ROAD
177,34_left,49_right,0.22225814144128153,1,134 ROMSEY ROAD,134 ROMSEY ROAD
178,35_left,22_right,0.15551780294777764,1,M271,M271
179,36_left,18_right,0.19956241536650746,1,CONISTON ROAD,CONISTON ROAD
180,37_left,17_right,-0.24848291876687081,1,OCEANA BOULEVARD (GATE 5),5 COMMERCIAL ROAD
181,38_left,66_right,-0.04206120915352315,1,ADMIRALTY HOUSE,CUMBERLAND HOUSE
182,38_left,23_right,-0.12109680456258103,2,ADMIRALTY HOUSE,305 MILLBROOK ROAD (HOUSE)
183,38_left,14_right,-0.2075273582921841,3,ADMIRALTY HOUSE,CANUTE ROAD (SOUTH WESTERN HOUSE)
184,38_left,16_right,-0.3296258409087124,4,ADMIRALTY HOUSE,100 CANUTE ROAD (UNION CASTLE HOUSE 2)
185,39_left,35_right,0.30736809284231886,1,24 PORTSMOUTH ROAD,24 PORTSMOUTH ROAD
186,40_left,36_right,0.30736809284231886,1,35 PORTSMOUTH ROAD,35 PORTSMOUTH ROAD
187,41_left,20_right,0.1322188028032437,1,2 DORSET STREET,2 DORSET ROAD
188,41_left,72_right,-0.1075273582921841,2,2 DORSET STREET,BARGATE STREET
189,41_left,53_right,-0.23379046546232238,3,2 DORSET STREET,38 SHIRLEY HIGH STREET
190,41_left,63_right,-0.23549554954390173,4,2 DORSET STREET,105 ABOVE BAR STREET
191,41_left,54_right,-0.38182732309163875,5,2 DORSET STREET,95 SHIRLEY HIGH STREET (WINDSOR CASTLE)
192,41_left,55_right,-0.3918616562804381,6,2 DORSET STREET,126 SHIRLEY HIGH STREET (SALISBURY ARMS)
193,41_left,70_right,-0.47260233577107535,7,2 DORSET STREET,TAXI RANK (OPP 105 ABOVE BAR STREET)
194,42_left,3_right,0.39007120130461315,1,30 ADDIS SQUARE,30 ADDIS SQUARE
195,43_left,38_right,0.24678992712758782,1,263A PORTSWOOD ROAD,263A PORTSWOOD ROAD
196,44_left,38_right,0.010312652372426661,1,285 PORTSWOOD ROAD,263A PORTSWOOD ROAD
197,44_left,39_right,0.010312652372426661,2,285 PORTSWOOD ROAD,277 PORTSWOOD ROAD
198,44_left,37_right,-0.22679413385474695,3,285 PORTSWOOD ROAD,168-174 PORTSWOOD ROAD (INTERNATIONAL STORES)
199,45_left,37_right,-0.14712902697367664,1,168 PORTSWOOD ROAD (INT.FOOD),168-174 PORTSWOOD ROAD (INTERNATIONAL STORES)
200,45_left,38_right,-0.14712902697367664,2,168 PORTSWOOD ROAD (INT.FOOD),263A PORTSWOOD ROAD
201,45_left,39_right,-0.14712902697367664,3,168 PORTSWOOD ROAD (INT.FOOD),277 PORTSWOOD ROAD
202,45_left,18_right,-0.3339702998585459,4,168 PORTSWOOD ROAD (INT.FOOD),CONISTON ROAD
203,45_left,45_right,-0.35889758558767376,5,168 PORTSWOOD ROAD (INT.FOOD),2 ROMSEY ROAD
204,45_left,9_right,-0.3711634784308269,6,168 PORTSWOOD ROAD (INT.FOOD),BRINTONS ROAD 2
205,45_left,48_right,-0.3748016274116625,7,168 PORTSWOOD ROAD (INT.FOOD),102 ROMSEY ROAD
206,45_left,8_right,-0.37703318706601624,8,168 PORTSWOOD ROAD (INT.FOOD),BRINTONS ROAD 1
207,45_left,46_right,-0.3848359606004619,9,168 PORTSWOOD ROAD (INT.FOOD),13 ROMSEY ROAD
208,45_left,47_right,-0.3848359606004619,10,168 PORTSWOOD ROAD (INT.FOOD),23 ROMSEY ROAD
209,45_left,49_right,-0.3848359606004619,11,168 PORTSWOOD ROAD (INT.FOOD),134 ROMSEY ROAD
210,45_left,51_right,-0.3848359606004619,12,168 PORTSWOOD ROAD (INT.FOOD),150 ROMSEY ROAD
211,45_left,10_right,-0.3870675202548156,13,168 PORTSWOOD ROAD (INT.FOOD),BRINTONS ROAD 3
212,45_left,20_right,-0.3870675202548156,14,168 PORTSWOOD ROAD (INT.FOOD),2 DORSET ROAD
213,45_left,21_right,-0.3870675202548156,15,168 PORTSWOOD ROAD (INT.FOOD),2 GOVER ROAD
214,45_left,24_right,-0.38970689512306983,16,168 PORTSWOOD ROAD (INT.FOOD),367 MILLBROOK ROAD
215,45_left,26_right,-0.38970689512306983,17,168 PORTSWOOD ROAD (INT.FOOD),485 MILLBROOK ROAD
216,45_left,27_right,-0.38970689512306983,18,168 PORTSWOOD ROAD (INT.FOOD),539 MILLBROOK ROAD
217,45_left,41_right,-0.38970689512306983,19,168 PORTSWOOD ROAD (INT.FOOD),54 REDBRIDGE ROAD
218,45_left,42_right,-0.38970689512306983,20,168 PORTSWOOD ROAD (INT.FOOD),57 REDBRIDGE ROAD
219,45_left,5_right,-0.392937228890005,21,168 PORTSWOOD ROAD (INT.FOOD),"BITTERNE LIBRARY, BITTERNE ROAD"
220,45_left,6_right,-0.392937228890005,22,168 PORTSWOOD ROAD (INT.FOOD),166A BITTERNE ROAD
221,45_left,7_right,-0.392937228890005,23,168 PORTSWOOD ROAD (INT.FOOD),206 BITTERNE ROAD
222,45_left,34_right,-0.397101853443615,24,168 PORTSWOOD ROAD (INT.FOOD),"PORTSMOUTH ROAD, DENTIST"
223,45_left,35_right,-0.397101853443615,25,168 PORTSWOOD ROAD (INT.FOOD),24 PORTSMOUTH ROAD
224,45_left,36_right,-0.397101853443615,26,168 PORTSWOOD ROAD (INT.FOOD),35 PORTSMOUTH ROAD
225,45_left,12_right,-0.4029715620788044,27,168 PORTSWOOD ROAD (INT.FOOD),44B BURGESS ROAD
226,45_left,17_right,-0.4029715620788044,28,168 PORTSWOOD ROAD (INT.FOOD),5 COMMERCIAL ROAD
227,45_left,28_right,-0.4029715620788044,29,168 PORTSWOOD ROAD (INT.FOOD),4 NEW ROAD
228,45_left,29_right,-0.4029715620788044,30,168 PORTSWOOD ROAD (INT.FOOD),14 NEW ROAD
229,45_left,31_right,-0.4029715620788044,31,168 PORTSWOOD ROAD (INT.FOOD),208 NORTHAM ROAD
230,45_left,32_right,-0.4029715620788044,32,168 PORTSWOOD ROAD (INT.FOOD),222 NORTHAM ROAD
231,45_left,52_right,-0.4029715620788044,33,168 PORTSWOOD ROAD (INT.FOOD),6 SANDRINGHAM ROAD
232,45_left,0_right,-0.4130058952676038,34,168 PORTSWOOD ROAD (INT.FOOD),351 WINCHESTER ROAD
233,45_left,30_right,-0.4130058952676038,35,168 PORTSWOOD ROAD (INT.FOOD),132 NEWTON ROAD
234,45_left,33_right,-0.4130058952676038,36,168 PORTSWOOD ROAD (INT.FOOD),151 PAYNES ROAD
235,45_left,50_right,-0.443802889631921,37,168 PORTSWOOD ROAD (INT.FOOD),142 ROMSEY ROAD 1
236,45_left,23_right,-0.44867382415452894,38,168 PORTSWOOD ROAD (INT.FOOD),305 MILLBROOK ROAD (HOUSE)
237,45_left,13_right,-0.4619384911102635,39,168 PORTSWOOD ROAD (INT.FOOD),64 BURGESS ROAD 1
238,45_left,56_right,-0.4619384911102635,40,168 PORTSWOOD ROAD (INT.FOOD),102 ST ANDREWS ROAD
239,45_left,15_right,-0.4661031156638735,41,168 PORTSWOOD ROAD (INT.FOOD),6-9 CANUTE ROAD
240,45_left,57_right,-0.4719728242990629,42,168 PORTSWOOD ROAD (INT.FOOD),107 ST. ANDREWS ROAD
241,45_left,62_right,-0.48200715748786227,43,168 PORTSWOOD ROAD (INT.FOOD),"MAYFLOWER HALLS, COMMERCIAL ROAD"
242,45_left,4_right,-0.49204149067666164,44,168 PORTSWOOD ROAD (INT.FOOD),72 BEVOIS VALLEY ROAD
243,45_left,14_right,-0.535104377884132,45,168 PORTSWOOD ROAD (INT.FOOD),CANUTE ROAD (SOUTH WESTERN HOUSE)
244,45_left,25_right,-0.5477780859411856,46,168 PORTSWOOD ROAD (INT.FOOD),433-435 MILLBROOK ROAD (LADBROKES)
245,45_left,16_right,-0.6572028605006603,47,168 PORTSWOOD ROAD (INT.FOOD),100 CANUTE ROAD (UNION CASTLE HOUSE 2)
246,46_left,11_right,0.4665534088433329,1,8 THE BROADWAY,8 THE BROADWAY
247,47_left,29_right,0.324977218747887,1,14 NEW ROAD,14 NEW ROAD
248,48_left,46_right,0.22225814144128153,1,13 ROMSEY ROAD,13 ROMSEY ROAD
249,49_left,47_right,0.22225814144128153,1,23 ROMSEY ROAD,23 ROMSEY ROAD
250,50_left,51_right,0.22225814144128153,1,150 ROMSEY ROAD,150 ROMSEY ROAD
251,51_left,16_right,0.2939784809681455,1,UNION CASTLE HOUSE (2),100 CANUTE ROAD (UNION CASTLE HOUSE 2)
252,52_left,30_right,0.2785980107755653,1,132 NEWTON ROAD,132 NEWTON ROAD
253,53_left,28_right,0.324977218747887,1,4 NEW ROAD,4 NEW ROAD
254,54_left,28_right,-0.12727915291282416,1,19A BURGESS ROAD  NEW JUNE 15,4 NEW ROAD
255,54_left,29_right,-0.12727915291282416,2,19A BURGESS ROAD  NEW JUNE 15,14 NEW ROAD
256,54_left,12_right,-0.12727915291282416,3,19A BURGESS ROAD  NEW JUNE 15,44B BURGESS ROAD
257,54_left,13_right,-0.1862460819442833,4,19A BURGESS ROAD  NEW JUNE 15,64 BURGESS ROAD 1
258,54_left,18_right,-0.3981774260531819,5,19A BURGESS ROAD  NEW JUNE 15,CONISTON ROAD
259,54_left,45_right,-0.4231047117823098,6,19A BURGESS ROAD  NEW JUNE 15,2 ROMSEY ROAD
260,54_left,9_right,-0.43537060462546295,7,19A BURGESS ROAD  NEW JUNE 15,BRINTONS ROAD 2
261,54_left,48_right,-0.43900875360629854,8,19A BURGESS ROAD  NEW JUNE 15,102 ROMSEY ROAD
262,54_left,8_right,-0.44124031326065233,9,19A BURGESS ROAD  NEW JUNE 15,BRINTONS ROAD 1
263,54_left,46_right,-0.4490430867950979,10,19A BURGESS ROAD  NEW JUNE 15,13 ROMSEY ROAD
264,54_left,47_right,-0.4490430867950979,11,19A BURGESS ROAD  NEW JUNE 15,23 ROMSEY ROAD
265,54_left,49_right,-0.4490430867950979,12,19A BURGESS ROAD  NEW JUNE 15,134 ROMSEY ROAD
266,54_left,51_right,-0.4490430867950979,13,19A BURGESS ROAD  NEW JUNE 15,150 ROMSEY ROAD
267,54_left,10_right,-0.4512746464494517,14,19A BURGESS ROAD  NEW JUNE 15,BRINTONS ROAD 3
268,54_left,20_right,-0.4512746464494517,15,19A BURGESS ROAD  NEW JUNE 15,2 DORSET ROAD
269,54_left,21_right,-0.4512746464494517,16,19A BURGESS ROAD  NEW JUNE 15,2 GOVER ROAD
270,54_left,24_right,-0.45391402131770586,17,19A BURGESS ROAD  NEW JUNE 15,367 MILLBROOK ROAD
271,54_left,26_right,-0.45391402131770586,18,19A BURGESS ROAD  NEW JUNE 15,485 MILLBROOK ROAD
272,54_left,27_right,-0.45391402131770586,19,19A BURGESS ROAD  NEW JUNE 15,539 MILLBROOK ROAD
273,54_left,41_right,-0.45391402131770586,20,19A BURGESS ROAD  NEW JUNE 15,54 REDBRIDGE ROAD
274,54_left,42_right,-0.45391402131770586,21,19A BURGESS ROAD  NEW JUNE 15,57 REDBRIDGE ROAD
275,54_left,5_right,-0.4571443550846411,22,19A BURGESS ROAD  NEW JUNE 15,"BITTERNE LIBRARY, BITTERNE ROAD"
276,54_left,6_right,-0.4571443550846411,23,19A BURGESS ROAD  NEW JUNE 15,166A BITTERNE ROAD
277,54_left,7_right,-0.4571443550846411,24,19A BURGESS ROAD  NEW JUNE 15,206 BITTERNE ROAD
278,54_left,34_right,-0.46130897963825107,25,19A BURGESS ROAD  NEW JUNE 15,"PORTSMOUTH ROAD, DENTIST"
279,54_left,35_right,-0.46130897963825107,26,19A BURGESS ROAD  NEW JUNE 15,24 PORTSMOUTH ROAD
280,54_left,36_right,-0.46130897963825107,27,19A BURGESS ROAD  NEW JUNE 15,35 PORTSMOUTH ROAD
281,54_left,38_right,-0.46130897963825107,28,19A BURGESS ROAD  NEW JUNE 15,263A PORTSWOOD ROAD
282,54_left,39_right,-0.46130897963825107,29,19A BURGESS ROAD  NEW JUNE 15,277 PORTSWOOD ROAD
283,54_left,17_right,-0.46717868827344045,30,19A BURGESS ROAD  NEW JUNE 15,5 COMMERCIAL ROAD
284,54_left,31_right,-0.46717868827344045,31,19A BURGESS ROAD  NEW JUNE 15,208 NORTHAM ROAD
285,54_left,32_right,-0.46717868827344045,32,19A BURGESS ROAD  NEW JUNE 15,222 NORTHAM ROAD
286,54_left,52_right,-0.46717868827344045,33,19A BURGESS ROAD  NEW JUNE 15,6 SANDRINGHAM ROAD
287,54_left,0_right,-0.4772130214622398,34,19A BURGESS ROAD  NEW JUNE 15,351 WINCHESTER ROAD
288,54_left,30_right,-0.4772130214622398,35,19A BURGESS ROAD  NEW JUNE 15,132 NEWTON ROAD
289,54_left,33_right,-0.4772130214622398,36,19A BURGESS ROAD  NEW JUNE 15,151 PAYNES ROAD
290,54_left,50_right,-0.508010015826557,37,19A BURGESS ROAD  NEW JUNE 15,142 ROMSEY ROAD 1
291,54_left,23_right,-0.512880950349165,38,19A BURGESS ROAD  NEW JUNE 15,305 MILLBROOK ROAD (HOUSE)
292,54_left,56_right,-0.5261456173048996,39,19A BURGESS ROAD  NEW JUNE 15,102 ST ANDREWS ROAD
293,54_left,15_right,-0.5303102418585096,40,19A BURGESS ROAD  NEW JUNE 15,6-9 CANUTE ROAD
294,54_left,57_right,-0.5361799504936989,41,19A BURGESS ROAD  NEW JUNE 15,107 ST. ANDREWS ROAD
295,54_left,62_right,-0.5462142836824984,42,19A BURGESS ROAD  NEW JUNE 15,"MAYFLOWER HALLS, COMMERCIAL ROAD"
296,54_left,4_right,-0.5562486168712977,43,19A BURGESS ROAD  NEW JUNE 15,72 BEVOIS VALLEY ROAD
297,54_left,14_right,-0.5993115040787681,44,19A BURGESS ROAD  NEW JUNE 15,CANUTE ROAD (SOUTH WESTERN HOUSE)
298,54_left,25_right,-0.6119852121358217,45,19A BURGESS ROAD  NEW JUNE 15,433-435 MILLBROOK ROAD (LADBROKES)
299,54_left,37_right,-0.6984157658654248,46,19A BURGESS ROAD  NEW JUNE 15,168-174 PORTSWOOD ROAD (INTERNATIONAL STORES)
300,54_left,16_right,-0.7214099866952963,47,19A BURGESS ROAD  NEW JUNE 15,100 CANUTE ROAD (UNION CASTLE HOUSE 2)
301,55_left,6_right,0.1600545940833224,1,166A BITTERNE ROAD WEST,166A BITTERNE ROAD
302,56_left,53_right,0.43009608693085954,1,38 SHIRLEY HIGH STREET,38 SHIRLEY HIGH STREET
303,57_left,55_right,0.35732096646956946,1,"SALISBURY ARMS, SHIRLEY HIGH ST",126 SHIRLEY HIGH STREET (SALISBURY ARMS)
304,57_left,53_right,-0.11178583024410159,2,"SALISBURY ARMS, SHIRLEY HIGH ST",38 SHIRLEY HIGH STREET
305,57_left,54_right,-0.25982268787341795,3,"SALISBURY ARMS, SHIRLEY HIGH ST",95 SHIRLEY HIGH STREET (WINDSOR CASTLE)
306,58_left,54_right,0.49277010303974833,1,"WINDSOR CASTLE PUB, 95 SHIRLEY HIGH ST",95 SHIRLEY HIGH STREET (WINDSOR CASTLE)
307,58_left,53_right,-0.25982268787341795,2,"WINDSOR CASTLE PUB, 95 SHIRLEY HIGH ST",38 SHIRLEY HIGH STREET
308,58_left,55_right,-0.41789387869153377,3,"WINDSOR CASTLE PUB, 95 SHIRLEY HIGH ST",126 SHIRLEY HIGH STREET (SALISBURY ARMS)
309,59_left,21_right,0.03688053885722724,1,2 GOVER ROAD (NEW SEPT 15),2 GOVER ROAD
310,59_left,45_right,-0.24853852024152426,2,2 GOVER ROAD (NEW SEPT 15),2 ROMSEY ROAD
311,59_left,9_right,-0.26080441308467744,3,2 GOVER ROAD (NEW SEPT 15),BRINTONS ROAD 2
312,59_left,20_right,-0.2767084549086662,4,2 GOVER ROAD (NEW SEPT 15),2 DORSET ROAD
313,59_left,16_right,-0.5468437951545108,5,2 GOVER ROAD (NEW SEPT 15),100 CANUTE ROAD (UNION CASTLE HOUSE 2)
314,60_left,17_right,0.324977218747887,1,5 COMMERCIAL ROAD,5 COMMERCIAL ROAD
315,61_left,17_right,0.16816505087379613,1,OPPOSITE 5 COMMERCIAL ROAD THEATRE,5 COMMERCIAL ROAD
316,62_left,28_right,-0.10295201458330791,1,REDBRIDGE NEW AMS ROOF,4 NEW ROAD
317,62_left,29_right,-0.10295201458330791,2,REDBRIDGE NEW AMS ROOF,14 NEW ROAD
318,62_left,41_right,-0.20919388980043208,3,REDBRIDGE NEW AMS ROOF,54 REDBRIDGE ROAD
319,62_left,42_right,-0.20919388980043208,4,REDBRIDGE NEW AMS ROOF,57 REDBRIDGE ROAD
320,62_left,60_right,-0.22895777686336852,5,REDBRIDGE NEW AMS ROOF,REDBRIDGE FLYOVER 2
321,62_left,59_right,-0.23482748549855786,6,REDBRIDGE NEW AMS ROOF,REDBRIDGE FLYOVER 1
322,62_left,61_right,-0.264930485064956,7,REDBRIDGE NEW AMS ROOF,REDBRIDGE SCHOOL FENCE
323,63_left,59_right,0.030513718721664303,1,REDBRIDGE CAUSEWAY 1,REDBRIDGE FLYOVER 1
324,64_left,60_right,0.02464401008647493,1,REDBRIDGE CAUSEWAY 2,REDBRIDGE FLYOVER 2
325,65_left,,,1,,
326,66_left,,,1, NATIONAL BIAS ADJUSTMENT FACTOR FOR GRADKO 20% TEA A,
327,67_left,,,1,,
